{"cameraMode":{"drawMode":0,"name":"Shaded","section":"Shading Mode"},"sceneLighting":true,"audioPlay":false,"sceneViewState":{"m_AlwaysRefresh":false,"showFog":true,"showSkybox":true,"showFlares":true,"showImageEffects":true,"showParticleSystems":true,"showVisualEffectGraphs":true,"m_FxEnabled":true},"in2DMode":false,"pivot":{"x":5.323300361633301,"y":1.6484453678131104,"z":-2.2561075687408449},"rotation":{"x":-0.25153714418411257,"y":0.19635309278964997,"z":-0.052195001393556598,"w":-0.9462794661521912},"size":2.2202420234680177,"orthographic":false}