{"cameraMode":{"drawMode":0,"name":"Shaded","section":"Shading Mode"},"sceneLighting":false,"audioPlay":false,"sceneViewState":{"m_AlwaysRefresh":false,"showFog":true,"showSkybox":false,"showFlares":true,"showImageEffects":true,"showParticleSystems":true,"showVisualEffectGraphs":true,"m_FxEnabled":true},"in2DMode":false,"pivot":{"x":0.31255555152893069,"y":0.9440000057220459,"z":2.500999927520752},"rotation":{"x":-0.18817219138145448,"y":0.12250732630491257,"z":-0.0236634723842144,"w":-0.974179744720459},"size":0.5049752593040466,"orthographic":false}